{
  "model_name": "CatBoost_Optimized",
  "cv_rmse_mean": 0.11431391461914689,
  "cv_rmse_std": 0.011597485763748765,
  "val_rmse": null,
  "best_params": {
    "iterations": 6695,
    "learning_rate": 0.009213848580689594,
    "depth": 5
  },
  "model_type": "CatBoostRegressor"
}