{
  "model_name": "ElasticNet_Optimized",
  "cv_rmse_mean": 0.11761292982683243,
  "cv_rmse_std": 0.008264677994362923,
  "val_rmse": null,
  "best_params": {
    "alpha": 0.0008080675843708771,
    "l1_ratio": 0.6517572093936597
  },
  "model_type": "ElasticNet"
}