{
  "model_name": "GradientBoosting_Optimized",
  "cv_rmse_mean": 0.12357350552146229,
  "cv_rmse_std": 0.010247341354904379,
  "val_rmse": null,
  "best_params": {
    "n_estimators": 158,
    "learning_rate": 0.06474112822398269,
    "max_depth": 4,
    "subsample": 0.800531952291841
  },
  "model_type": "GradientBoostingRegressor"
}