{
  "model_name": "LightGBM_Optimized",
  "cv_rmse_mean": 0.11842023533871311,
  "cv_rmse_std": 0.01242993883533921,
  "val_rmse": null,
  "best_params": {
    "n_estimators": 1561,
    "max_depth": 5,
    "learning_rate": 0.013952806498029331,
    "subsample": 0.7106951366059711,
    "colsample_bytree": 0.2648128494057447,
    "min_child_samples": 14,
    "reg_alpha": 0.10953389228976958,
    "reg_lambda": 0.10502368343896333
  },
  "model_type": "LGBMRegressor"
}