{
  "project_info": {
    "dataset": "House Prices - Advanced Regression Techniques",
    "target": "SalePrice (log-transformed)",
    "features": 191,
    "training_samples": 1458,
    "test_samples": 1459
  },
  "individual_models": {
    "Ridge_Optimized": {
      "cv_rmse_mean": 0.12182936770965877,
      "cv_rmse_std": 0.008907812295912435,
      "model_type": "Ridge"
    },
    "Lasso_Optimized": {
      "cv_rmse_mean": 0.11747120578345575,
      "cv_rmse_std": 0.008152430024621744,
      "model_type": "Lasso"
    },
    "ElasticNet_Optimized": {
      "cv_rmse_mean": 0.11761292982683243,
      "cv_rmse_std": 0.008264677994362923,
      "model_type": "ElasticNet"
    },
    "RandomForest_Optimized": {
      "cv_rmse_mean": 0.14032678939574014,
      "cv_rmse_std": 0.014255909902582638,
      "model_type": "RandomForestRegressor"
    },
    "GradientBoosting_Optimized": {
      "cv_rmse_mean": 0.12357350552146229,
      "cv_rmse_std": 0.010247341354904379,
      "model_type": "GradientBoostingRegressor"
    },
    "XGBoost_Optimized": {
      "cv_rmse_mean": 0.11527723528764558,
      "cv_rmse_std": 0.010627886364917608,
      "model_type": "XGBRegressor"
    },
    "CatBoost_Optimized": {
      "cv_rmse_mean": 0.11431391461914689,
      "cv_rmse_std": 0.011597485763748765,
      "model_type": "CatBoostRegressor"
    },
    "LightGBM_Optimized": {
      "cv_rmse_mean": 0.11842023533871311,
      "cv_rmse_std": 0.01242993883533921,
      "model_type": "LGBMRegressor"
    }
  },
  "ensemble_models": {
    "Simple_Ensemble": {
      "cv_rmse_mean": 0.11144872216923263,
      "cv_rmse_std": 0.009785489110153995,
      "components": [
        "CatBoost",
        "XGBoost",
        "LightGBM",
        "Lasso"
      ]
    },
    "Weighted_Ensemble": {
      "cv_rmse_mean": 0.11142358562020896,
      "cv_rmse_std": 0.009804033431536224,
      "components": [
        "CatBoost",
        "XGBoost",
        "LightGBM",
        "Lasso"
      ]
    },
    "Stacking_Ensemble": {
      "cv_rmse_mean": 0.11138745912255543,
      "cv_rmse_std": 0.00969855789894402,
      "components": [
        "CatBoost",
        "XGBoost",
        "LightGBM",
        "Lasso"
      ]
    }
  },
  "final_model": {
    "final_model_name": "Stacking_Ensemble",
    "final_cv_rmse": 0.11138745912255543,
    "selection_criteria": "Best cross-validation RMSE",
    "exported_at": "2025-07-19 14:01:56.127623"
  },
  "performance_comparison": {
    "Stacking_Ensemble": 0.11138745912255543,
    "Weighted_Ensemble": 0.11142358562020896,
    "Simple_Ensemble": 0.11144872216923263,
    "CatBoost_Optimized": 0.11431391461914689,
    "XGBoost_Optimized": 0.11527723528764558,
    "Lasso_Optimized": 0.11747120578345575,
    "ElasticNet_Optimized": 0.11761292982683243,
    "LightGBM_Optimized": 0.11842023533871311,
    "Ridge_Optimized": 0.12182936770965877,
    "GradientBoosting_Optimized": 0.12357350552146229,
    "RandomForest_Optimized": 0.14032678939574014
  }
}